City_ID,City,Country,Date,Lat,Lng,Max Temp,Humidity,Cloudiness,Wind Speed
0,Ushuaia,AR,2020-02-22 17:22:23,-54.8,-68.3,64.4,59,20,6.46
1,Kavieng,PG,2020-02-22 17:26:23,-2.57,150.8,83.25,74,22,5.75
2,Isangel,VU,2020-02-22 17:25:28,-19.55,169.27,78.15,80,42,14.54
3,Codrington,AU,2020-02-22 17:25:42,-38.27,141.97,60.3,76,0,9.37
4,Bluff,NZ,2020-02-22 17:24:58,-46.6,168.33,51.01,77,67,4.0
5,Busselton,AU,2020-02-22 17:26:24,-33.65,115.33,68.0,63,3,9.4
6,Metu,ET,2020-02-22 17:26:24,8.3,35.58,71.4,54,73,4.94
7,Albany,US,2020-02-22 17:21:44,42.6,-73.97,41.0,38,20,16.11
8,Mataura,NZ,2020-02-22 17:26:25,-46.19,168.86,51.01,77,39,4.0
9,Yellowknife,CA,2020-02-22 17:24:27,62.46,-114.35,0.0,77,75,9.17
10,Vaini,TO,2020-02-22 17:26:25,-21.2,-175.2,77.0,94,75,4.7
11,Rikitea,PF,2020-02-22 17:26:25,-23.12,-134.97,77.94,72,10,5.06
12,Hamilton,US,2020-02-22 17:26:26,39.18,-84.53,44.01,33,1,9.17
13,Luganville,VU,2020-02-22 17:26:26,-15.53,167.17,71.15,95,36,0.6
14,Apeldoorn,NL,2020-02-22 17:21:57,52.21,5.97,53.01,87,75,21.92
15,Hasaki,JP,2020-02-22 17:26:26,35.73,140.83,50.0,61,75,10.29
16,Hermanus,ZA,2020-02-22 17:26:27,-34.42,19.23,66.99,99,100,1.99
17,Ostersund,SE,2020-02-22 17:26:27,63.18,14.64,34.0,72,100,17.22
18,Darhan,MN,2020-02-22 17:26:27,49.49,105.92,12.65,82,100,4.85
19,Tiarei,PF,2020-02-22 17:26:27,-17.53,-149.33,80.6,74,20,2.24
20,Butaritari,KI,2020-02-22 17:26:27,3.07,172.79,83.35,70,99,6.51
21,Bambous Virieux,MU,2020-02-22 17:24:53,-20.34,57.76,78.8,83,40,3.36
22,Hilo,US,2020-02-22 17:24:02,19.73,-155.09,68.0,82,75,8.05
23,Fortuna,US,2020-02-22 17:25:07,40.6,-124.16,48.99,100,90,4.5
24,Talcahuano,CL,2020-02-22 17:26:28,-36.72,-73.12,66.2,63,40,11.41
25,Los Llanos De Aridane,ES,2020-02-22 17:26:28,28.66,-17.92,68.0,68,20,11.41
26,Padang,ID,2020-02-22 17:23:59,-0.95,100.35,70.36,85,4,6.55
27,Vila Do Maio,CV,2020-02-22 17:26:29,15.13,-23.22,75.2,60,75,24.16
28,Cabo San Lucas,MX,2020-02-22 17:25:26,22.89,-109.91,82.99,53,5,4.7
29,Punta Arenas,CL,2020-02-22 17:26:29,-53.15,-70.92,71.6,52,100,10.29
30,Sicamous,CA,2020-02-22 17:26:29,50.83,-118.99,37.0,94,90,4.7
31,Cape Town,ZA,2020-02-22 17:26:30,-33.93,18.42,70.0,77,20,17.22
32,Rokupr,SL,2020-02-22 17:26:30,8.67,-12.39,89.78,54,48,7.56
33,Saint-Francois,FR,2020-02-22 17:26:30,46.42,3.91,55.4,54,0,2.24
34,Marawi,PH,2020-02-22 17:26:30,8.0,124.29,75.0,85,14,4.0
35,Gizo,SB,2020-02-22 17:26:30,-8.1,156.84,76.87,85,20,2.33
36,Rio Gallegos,AR,2020-02-22 17:26:31,-51.62,-69.22,77.0,31,66,18.34
37,Sioux Lookout,CA,2020-02-22 17:26:31,50.1,-91.92,32.0,88,20,8.05
38,Chokurdakh,RU,2020-02-22 17:26:31,70.63,147.92,-16.51,97,100,1.14
39,Nome,US,2020-02-22 17:26:31,64.5,-165.41,-25.6,82,1,3.36
40,Ribeira Grande,PT,2020-02-22 17:26:32,38.52,-28.7,60.8,72,75,8.05
41,Hithadhoo,MV,2020-02-22 17:26:32,-0.6,73.08,82.02,80,100,12.08
42,Khatanga,RU,2020-02-22 17:26:32,71.97,102.5,2.52,82,98,13.51
43,Victoria,HK,2020-02-22 17:25:50,22.29,114.16,66.2,77,20,19.46
44,Odienne,CI,2020-02-22 17:26:33,9.51,-7.57,97.52,15,30,6.53
45,Vardo,NO,2020-02-22 17:26:33,70.37,31.11,35.4,79,86,33.87
46,Emerald,AU,2020-02-22 17:26:33,-23.53,148.17,75.2,88,90,10.29
47,Flinders,AU,2020-02-22 17:26:33,-34.58,150.86,70.0,100,90,15.23
48,Pangnirtung,CA,2020-02-22 17:26:33,66.15,-65.71,-32.8,59,20,2.73
49,Atuona,PF,2020-02-22 17:26:34,-9.8,-139.03,81.64,79,36,13.69
50,Hobart,AU,2020-02-22 17:26:34,-42.88,147.33,53.6,81,75,4.7
51,Carnarvon,AU,2020-02-22 17:23:36,-24.87,113.63,77.0,83,40,8.05
52,Tselinnoye,RU,2020-02-22 17:26:34,53.08,85.67,20.25,95,100,5.46
53,Avarua,CK,2020-02-22 17:26:34,-21.21,-159.78,80.6,88,93,8.05
54,Georgetown,MY,2020-02-22 17:22:03,5.41,100.34,80.6,88,20,4.27
55,Portland,US,2020-02-22 17:26:08,45.52,-122.68,42.01,93,75,4.7
56,Polis,CY,2020-02-22 17:26:35,35.04,32.43,59.0,67,75,4.7
57,Ponta Do Sol,PT,2020-02-22 17:26:35,32.67,-17.1,68.0,72,40,18.34
58,Santa Cruz Cabralia,BR,2020-02-22 17:26:35,-16.28,-39.02,89.6,59,40,18.34
59,Margate,GB,2020-02-22 17:22:19,51.38,1.39,54.0,62,20,21.92
60,Muros,ES,2020-02-22 17:26:36,42.78,-9.06,69.01,63,0,2.24
61,Carutapera,BR,2020-02-22 17:26:36,-1.2,-46.02,79.81,81,75,3.33
62,Severo-Kurilsk,RU,2020-02-22 17:26:36,50.68,156.12,11.95,89,84,5.32
63,Cascais,PT,2020-02-22 17:26:37,38.7,-9.42,71.6,52,0,11.41
64,Balkhash,KZ,2020-02-22 17:26:37,46.84,74.98,28.69,96,100,21.12
65,Kahului,US,2020-02-22 17:26:37,20.89,-156.47,70.0,77,40,4.7
66,Kapaa,US,2020-02-22 17:26:37,22.08,-159.32,73.4,73,20,10.29
67,Shubarshi,KZ,2020-02-22 17:26:37,48.59,57.19,21.65,91,99,7.09
68,Teya,RU,2020-02-22 17:26:37,60.38,92.63,12.69,95,94,2.77
69,Chenghai,CN,2020-02-22 17:26:38,23.46,116.77,57.2,87,3,2.24
70,Iqaluit,CA,2020-02-22 17:23:12,63.75,-68.51,-25.01,60,20,12.75
71,Necochea,AR,2020-02-22 17:26:38,-38.55,-58.74,75.0,68,0,5.99
72,Huilong,CN,2020-02-22 17:26:38,31.81,121.66,46.99,69,0,5.79
73,Tautira,PF,2020-02-22 17:26:38,-17.73,-149.15,80.6,74,20,2.24
74,Bethel,US,2020-02-22 17:26:39,41.37,-73.41,46.0,27,1,6.93
75,Saryg-Sep,RU,2020-02-22 17:26:39,51.5,95.6,17.69,96,100,1.32
76,Lerwick,GB,2020-02-22 17:26:39,60.15,-1.15,42.8,81,99,43.62
77,Usinsk,RU,2020-02-22 17:26:40,65.99,57.53,30.61,94,100,23.67
78,Shuangyang,CN,2020-02-22 17:26:40,43.52,125.67,14.0,85,0,4.47
79,Sandwick,GB,2020-02-22 17:26:40,60.0,-1.25,42.8,81,99,43.62
80,Te Anau,NZ,2020-02-22 17:26:40,-45.42,167.72,47.66,74,32,3.8
81,Jamestown,US,2020-02-22 17:26:40,42.1,-79.24,39.0,54,1,13.87
82,Bairiki,KI,2020-02-22 17:25:42,1.33,172.98,82.4,83,40,5.82
83,Pevek,RU,2020-02-22 17:25:11,69.7,170.31,-12.41,98,100,10.11
84,Provideniya,RU,2020-02-22 17:26:41,64.38,-173.3,-19.34,93,48,3.15
85,Fremont,US,2020-02-22 17:26:42,37.55,-121.99,62.01,76,1,3.36
86,Dauphin,CA,2020-02-22 17:23:19,51.15,-100.05,37.4,59,1,14.99
87,Saskylakh,RU,2020-02-22 17:25:15,71.92,114.08,-16.1,94,73,4.12
88,Thompson,CA,2020-02-22 17:26:42,55.74,-97.86,14.0,72,20,5.82
89,Castro,BR,2020-02-22 17:26:42,-24.79,-50.01,71.71,79,92,3.91
90,Winnemucca,US,2020-02-22 17:25:14,40.97,-117.74,39.99,43,1,3.2
91,Lagoa,PT,2020-02-22 17:26:43,39.05,-27.98,60.17,79,8,12.39
92,Barrow,US,2020-02-22 17:22:35,71.29,-156.79,-11.2,76,90,3.36
93,Chimoio,MZ,2020-02-22 17:26:43,-19.12,33.48,78.8,83,40,2.77
94,Poso,ID,2020-02-22 17:26:43,-1.4,120.75,67.14,88,97,1.16
95,Haren,DE,2020-02-22 17:26:44,52.78,7.23,50.0,66,20,19.46
96,Port Alfred,ZA,2020-02-22 17:26:44,-33.59,26.89,70.0,85,31,8.99
97,Paita,PE,2020-02-22 17:26:44,-5.09,-81.11,62.6,100,40,10.29
98,Geraldton,AU,2020-02-22 17:26:44,-28.77,114.6,71.6,88,40,5.82
99,Vieques,PR,2020-02-22 17:26:44,18.43,-65.83,87.01,58,40,11.41
100,Mahebourg,MU,2020-02-22 17:26:45,-20.41,57.7,78.8,83,40,3.36
101,Dubbo,AU,2020-02-22 17:26:01,-32.25,148.62,68.0,77,75,12.75
102,Fredericksburg,US,2020-02-22 17:26:45,38.3,-77.46,52.0,23,1,10.29
103,Namibe,AO,2020-02-22 17:26:45,-15.2,12.15,74.52,85,90,16.71
104,Naze,JP,2020-02-22 17:25:33,28.37,129.48,60.8,63,75,14.99
105,Kalininsk,RU,2020-02-22 17:26:46,51.5,44.48,24.35,95,100,7.63
106,Nanortalik,GL,2020-02-22 17:26:46,60.14,-45.24,23.45,77,73,5.93
107,Lentekhi,GE,2020-02-22 17:26:46,42.79,42.73,23.38,93,88,3.02
108,Saldanha,ZA,2020-02-22 17:25:37,-33.01,17.94,71.6,68,44,13.87
109,Kamaishi,JP,2020-02-22 17:26:46,39.27,141.88,37.58,76,29,12.1
110,Labuhan,ID,2020-02-22 17:26:47,-6.88,112.21,75.31,92,78,2.26
111,Port Elizabeth,ZA,2020-02-22 17:26:47,-33.92,25.57,68.0,88,75,28.86
112,Arraial Do Cabo,BR,2020-02-22 17:25:56,-22.97,-42.03,78.8,69,75,11.41
113,Bilibino,RU,2020-02-22 17:26:47,68.05,166.44,-21.21,98,100,2.77
114,Chuy,UY,2020-02-22 17:25:49,-33.7,-53.46,69.78,54,85,10.07
115,San Andres,CO,2020-02-22 17:26:48,12.58,-81.7,86.0,62,20,11.41
116,Cherskiy,RU,2020-02-22 17:26:48,68.75,161.3,-19.89,98,99,4.72
117,Humberto De Campos,BR,2020-02-22 17:26:48,-2.6,-43.46,81.19,86,92,3.53
118,Tuktoyaktuk,CA,2020-02-22 17:25:11,69.45,-133.04,6.8,84,90,5.82
119,Bredasdorp,ZA,2020-02-22 17:26:49,-34.53,20.04,66.2,82,100,8.05
120,Qaanaaq,GL,2020-02-22 17:26:49,77.48,-69.36,-14.96,64,100,4.36
121,Hualmay,PE,2020-02-22 17:26:49,-11.1,-77.61,82.35,50,94,9.78
122,Parchim,DE,2020-02-22 17:26:50,53.43,11.85,46.99,75,75,20.8
123,Alofi,NU,2020-02-22 17:26:50,-19.06,-169.92,80.02,89,100,11.12
124,South Lyon,US,2020-02-22 17:26:50,42.46,-83.65,43.0,47,1,10.29
125,Nikolskoye,RU,2020-02-22 17:26:50,59.7,30.79,37.4,86,90,13.42
126,Mar Del Plata,AR,2020-02-22 17:26:51,-38.0,-57.56,66.99,55,20,9.17
127,Port-Gentil,GA,2020-02-22 17:26:51,-0.72,8.78,84.2,83,20,6.93
128,Katsuura,JP,2020-02-22 17:26:51,35.13,140.3,52.0,50,75,16.11
129,Snezhnogorsk,RU,2020-02-22 17:26:51,69.19,33.25,37.4,74,75,11.18
130,Fare,PF,2020-02-22 17:23:04,-16.7,-151.02,81.86,76,3,11.3
131,Didsbury,GB,2020-02-22 17:26:52,53.42,-2.23,48.0,70,100,16.11
132,Villarrobledo,ES,2020-02-22 17:26:52,39.27,-2.6,64.99,33,30,3.0
133,Cidreira,BR,2020-02-22 17:26:52,-30.18,-50.21,68.95,72,19,19.46
134,Shatsk,RU,2020-02-22 17:26:52,54.03,41.71,25.02,97,15,9.22
135,Maltahohe,NA,2020-02-22 17:26:52,-24.83,16.98,76.05,54,62,12.03
136,Haputale,LK,2020-02-22 17:26:52,6.77,80.96,77.0,100,20,10.29
137,Petropavlovsk-Kamchatskiy,RU,2020-02-22 17:23:59,53.05,158.65,-0.4,70,0,11.18
138,Nautla,MX,2020-02-22 17:26:53,20.22,-96.78,64.6,73,89,3.94
139,Port Moresby,PG,2020-02-22 17:26:53,-9.44,147.18,83.37,74,98,5.06
140,Glencoe,ZA,2020-02-22 17:26:53,-28.18,30.15,63.93,95,65,4.88
141,Zyryanka,RU,2020-02-22 17:26:53,65.75,150.85,-15.57,88,80,4.29
142,Broken Hill,AU,2020-02-22 17:26:54,-31.95,141.43,69.8,29,0,10.29
143,Horsham,GB,2020-02-22 17:26:54,51.06,-0.33,53.6,62,75,23.04
144,Ilulissat,GL,2020-02-22 17:26:54,69.22,-51.1,-0.4,54,75,11.41
145,New Norfolk,AU,2020-02-22 17:24:50,-42.78,147.06,55.4,76,90,6.93
146,Novyy Buh,UA,2020-02-22 17:26:54,47.69,32.52,37.4,69,75,3.78
147,Colac,AU,2020-02-22 17:26:55,-38.33,143.58,55.0,98,0,1.97
148,Kolondieba,ML,2020-02-22 17:26:55,11.09,-6.89,97.18,10,10,2.53
149,Livingston,GB,2020-02-22 17:26:55,55.9,-3.52,39.99,80,75,18.34
150,Zalantun,CN,2020-02-22 17:26:55,48.0,122.72,3.11,85,1,3.83
151,Broome,US,2020-02-22 17:26:55,42.25,-75.83,39.0,46,1,12.75
152,Norman Wells,CA,2020-02-22 17:26:56,65.28,-126.83,5.0,84,75,4.7
153,San Patricio,MX,2020-02-22 17:26:56,19.22,-104.7,82.4,78,20,7.52
154,Kaitangata,NZ,2020-02-22 17:26:56,-46.28,169.85,51.01,72,59,1.99
155,Morondava,MG,2020-02-22 17:26:56,-20.28,44.28,75.18,95,90,4.61
156,Severo-Yeniseyskiy,RU,2020-02-22 17:26:57,60.37,93.04,12.2,96,96,3.62
157,Pleasanton,US,2020-02-22 17:24:51,37.66,-121.87,62.6,48,1,4.7
158,Belmonte,BR,2020-02-22 17:25:53,-15.86,-38.88,89.6,75,20,11.41
159,Ucluelet,CA,2020-02-22 17:26:54,48.93,-125.55,39.99,100,20,3.15
160,Yertsevo,RU,2020-02-22 17:26:58,60.8,40.09,33.1,81,100,17.4
161,Syumsi,RU,2020-02-22 17:26:58,57.11,51.61,30.76,91,100,7.78
162,Albanel,CA,2020-02-22 17:26:58,48.88,-72.45,36.0,55,75,20.8
163,Itarema,BR,2020-02-22 17:26:58,-2.92,-39.92,74.8,97,100,5.77
164,Arica,CL,2020-02-22 17:23:35,-18.48,-70.3,80.6,65,20,8.05
165,Wasilla,US,2020-02-22 17:24:21,61.58,-149.44,19.4,92,90,1.21
166,Chimbarongo,CL,2020-02-22 17:26:59,-34.7,-71.05,82.0,56,0,5.82
167,Vila,PT,2020-02-22 17:26:59,42.03,-8.16,66.99,59,0,3.36
168,Torbay,CA,2020-02-22 17:27:00,47.67,-52.73,27.0,62,40,23.04
169,Almaty,KZ,2020-02-22 17:25:52,43.25,76.95,41.0,80,90,2.24
170,Westport,US,2020-02-22 17:24:00,41.14,-73.36,46.0,27,1,6.93
171,Sterling,US,2020-02-22 17:27:00,39.01,-77.43,51.01,23,1,8.05
172,North Bend,US,2020-02-22 17:27:00,43.41,-124.22,46.0,87,1,2.82
173,Ancud,CL,2020-02-22 17:25:35,-41.87,-73.82,82.4,21,0,5.82
174,Ayorou,NE,2020-02-22 17:27:01,14.73,0.92,88.34,9,74,9.51
175,Jacmel,HT,2020-02-22 17:27:01,18.23,-72.53,84.2,66,20,12.75
176,Cookeville,US,2020-02-22 17:26:45,36.16,-85.5,48.0,35,1,5.37
177,Karpathos,GR,2020-02-22 17:27:01,35.51,27.21,53.6,62,40,17.22
178,Asyut,EG,2020-02-22 17:27:01,27.18,31.18,60.8,55,0,11.41
179,Lebu,CL,2020-02-22 17:24:50,-37.62,-73.65,69.22,57,3,6.13
180,Port Augusta,AU,2020-02-22 17:27:02,-32.5,137.77,68.0,77,0,5.82
181,Meulaboh,ID,2020-02-22 17:26:04,4.14,96.13,83.05,72,62,7.4
182,Dongsheng,CN,2020-02-22 17:27:02,39.82,109.98,28.76,43,5,22.17
183,Sur,OM,2020-02-22 17:27:03,22.57,59.53,70.09,77,8,2.89
184,Santa Maria,BR,2020-02-22 17:26:35,-29.68,-53.81,68.0,49,20,8.05
185,Raudeberg,NO,2020-02-22 17:25:46,61.99,5.14,41.0,70,40,25.28
186,Borogontsy,RU,2020-02-22 17:27:03,62.67,131.17,-5.31,98,96,3.47
187,Goderich,CA,2020-02-22 17:25:55,43.75,-81.72,39.99,74,27,15.01
188,Alamos,MX,2020-02-22 17:27:04,27.02,-108.93,75.0,70,79,3.0
189,Avera,US,2020-02-22 17:27:04,33.19,-82.53,48.99,39,1,3.36
190,Aksha,RU,2020-02-22 17:27:04,50.28,113.29,11.68,80,100,3.31
191,East London,ZA,2020-02-22 17:27:04,-33.02,27.91,71.6,73,20,21.92
192,Ojuelos De Jalisco,MX,2020-02-22 17:27:04,21.87,-101.58,68.29,34,3,6.42
193,Sire,NG,2020-02-22 17:27:05,12.93,5.2,88.3,12,3,11.3
194,Hailey,US,2020-02-22 17:27:05,43.52,-114.32,28.4,50,5,6.93
195,Kruisfontein,ZA,2020-02-22 17:26:05,-34.0,24.73,65.61,91,44,16.62
196,Havelock,US,2020-02-22 17:27:05,34.88,-76.9,48.99,36,1,6.93
197,Kununurra,AU,2020-02-22 17:27:05,-15.77,128.73,77.0,78,75,3.36
198,West Wendover,US,2020-02-22 17:27:06,40.74,-114.07,32.0,41,20,5.82
199,Kutum,SD,2020-02-22 17:25:04,14.2,24.67,66.29,12,5,6.73
200,Lavrentiya,RU,2020-02-22 17:25:01,65.58,-171.0,-16.87,99,87,4.41
201,Donskoye,RU,2020-02-22 17:27:06,45.46,41.97,33.8,77,90,11.18
202,Mezen,RU,2020-02-22 17:27:06,65.85,44.24,33.64,85,100,21.59
203,Ugoofaaru,MV,2020-02-22 17:27:07,5.67,73.0,83.39,78,100,17.81
204,Leh,IN,2020-02-22 17:27:07,34.17,77.58,-3.21,56,0,2.98
205,Tavricheskoye,RU,2020-02-22 17:27:07,54.59,73.64,30.2,80,75,8.95
206,Coquimbo,CL,2020-02-22 17:26:02,-29.95,-71.34,68.0,68,20,10.29
207,Yinchuan,CN,2020-02-22 17:27:07,38.47,106.27,32.0,35,0,2.37
208,Taltal,CL,2020-02-22 17:27:08,-25.4,-70.48,70.47,62,0,10.22
209,Chernyshevskiy,RU,2020-02-22 17:27:08,63.01,112.47,1.72,97,100,1.14
210,Nhulunbuy,AU,2020-02-22 17:27:08,-12.23,136.77,80.6,88,90,8.05
211,Quatre Cocos,MU,2020-02-22 17:27:08,-20.21,57.76,78.8,83,40,3.36
212,Narsaq,GL,2020-02-22 17:27:08,60.92,-46.05,19.4,34,75,10.29
213,Mantua,IT,2020-02-22 17:27:09,45.17,10.78,57.2,62,0,2.24
214,Camargo,MX,2020-02-22 17:27:09,27.67,-105.17,66.07,39,100,14.25
215,Faanui,PF,2020-02-22 17:27:09,-16.48,-151.75,81.46,77,3,10.83
216,Srednekolymsk,RU,2020-02-22 17:25:20,67.45,153.68,-26.25,100,97,1.97
217,Phan Thiet,VN,2020-02-22 17:27:09,10.93,108.1,66.13,79,0,5.44
218,Urucara,BR,2020-02-22 17:27:10,-2.54,-57.76,83.59,85,98,2.55
219,Yeppoon,AU,2020-02-22 17:27:10,-23.13,150.73,78.8,65,40,11.41
220,Mount Isa,AU,2020-02-22 17:25:06,-20.73,139.5,84.2,54,90,6.93
221,Tocopilla,CL,2020-02-22 17:27:10,-22.09,-70.2,75.49,45,89,13.53
222,Beloha,MG,2020-02-22 17:25:19,-25.17,45.05,76.82,84,40,2.3
223,Cedral,MX,2020-02-22 17:25:45,23.8,-100.73,60.01,43,51,6.31
224,Hambantota,LK,2020-02-22 17:25:40,6.12,81.12,77.0,100,20,10.29
225,Tezpur,IN,2020-02-22 17:27:11,26.63,92.8,68.36,69,85,0.29
226,Ketchikan,US,2020-02-22 17:27:11,55.34,-131.65,35.6,100,75,11.41
227,Bandipur,NP,2020-02-22 17:27:12,27.93,84.42,56.5,63,58,2.62
228,Umm Lajj,SA,2020-02-22 17:27:12,25.02,37.27,63.9,55,0,9.19
229,Dawson Creek,CA,2020-02-22 17:27:12,55.77,-120.24,32.0,72,1,21.92
230,Amga,RU,2020-02-22 17:27:12,60.9,131.96,-1.71,97,99,1.77
231,Kodiak,US,2020-02-22 17:27:12,57.79,-152.41,15.8,52,40,22.01
232,Yerbogachen,RU,2020-02-22 17:27:13,61.28,108.01,14.32,96,100,4.79
233,Sisimiut,GL,2020-02-22 17:27:13,66.94,-53.67,-4.38,85,71,3.49
234,Sao Gabriel Da Cachoeira,BR,2020-02-22 17:27:13,-0.13,-67.09,85.71,77,99,4.88
235,Saint George,US,2020-02-22 17:27:13,37.1,-113.58,57.0,39,20,4.7
236,Gainesville,US,2020-02-22 17:24:02,29.65,-82.32,61.0,54,1,12.75
237,Saint-Philippe,RE,2020-02-22 17:24:57,-21.36,55.77,78.8,73,65,2.24
238,Ampanihy,MG,2020-02-22 17:27:14,-24.7,44.75,78.21,81,79,3.4
239,Tasiilaq,GL,2020-02-22 17:24:49,65.61,-37.64,17.6,61,75,3.36
240,Vestmannaeyjar,IS,2020-02-22 17:27:14,63.44,-20.27,35.6,59,40,9.17
241,Puerto Ayora,EC,2020-02-22 17:27:15,-0.74,-90.35,82.4,78,75,8.05
242,Samarai,PG,2020-02-22 17:27:15,-10.62,150.67,77.65,89,91,3.6
243,Sao Filipe,CV,2020-02-22 17:27:15,14.9,-24.5,69.55,76,61,22.26
244,Belaya Gora,RU,2020-02-22 17:27:16,68.53,146.42,-14.64,98,94,1.28
245,San Cristobal,VE,2020-02-22 17:27:16,7.77,-72.22,78.8,74,40,4.7
246,Nayudupeta,IN,2020-02-22 17:27:16,13.9,79.9,73.62,89,2,5.84
247,Kitakata,JP,2020-02-22 17:27:16,37.65,139.87,43.0,66,93,18.28
248,Shaoyang,CN,2020-02-22 17:27:17,27.23,111.45,53.26,88,86,2.17
249,Estevan,CA,2020-02-22 17:27:17,49.13,-102.98,30.2,63,1,10.29
250,Casambalangan,PH,2020-02-22 17:27:17,18.38,122.13,74.52,78,11,17.67
251,Victoria Point,AU,2020-02-22 17:27:18,-27.58,153.3,73.0,83,75,6.93
252,Hargeysa,SO,2020-02-22 17:27:18,9.56,44.06,65.89,83,6,13.29
253,Fos-Sur-Mer,FR,2020-02-22 17:27:18,43.44,4.94,59.0,67,0,5.82
254,Knyaze-Volkonskoye,RU,2020-02-22 17:27:18,48.46,135.46,14.0,47,100,4.47
255,Premia De Mar,ES,2020-02-22 17:27:18,41.49,2.37,61.0,72,54,5.82
256,Lingyuan,CN,2020-02-22 17:27:19,41.24,119.4,23.18,45,0,6.33
257,Mata,PT,2020-02-22 17:27:19,40.68,-7.46,66.99,45,9,1.99
258,Vostok,RU,2020-02-22 17:27:19,46.49,135.88,9.01,96,100,6.08
259,Acaponeta,MX,2020-02-22 17:27:19,22.5,-105.36,91.27,37,88,3.09
260,Inta,RU,2020-02-22 17:27:20,66.03,60.17,29.59,90,86,21.34
261,Zaysan,KZ,2020-02-22 17:27:20,47.47,84.87,29.93,84,100,4.05
262,Longyearbyen,SJ,2020-02-22 17:27:20,78.22,15.64,1.4,64,20,13.87
263,Hakodate,JP,2020-02-22 17:27:20,41.78,140.74,30.97,64,73,24.63
264,Cap Malheureux,MU,2020-02-22 17:27:21,-19.98,57.61,78.8,83,40,3.36
265,Virtsu,EE,2020-02-22 17:27:21,58.57,23.51,42.8,87,75,21.92
266,Berlevag,NO,2020-02-22 17:27:21,70.86,29.09,36.61,77,55,35.3
267,Tuatapere,NZ,2020-02-22 17:27:21,-46.13,167.68,51.01,77,81,4.0
268,Lekoni,GA,2020-02-22 17:27:21,-1.58,14.26,83.75,57,72,2.73
269,Xam Nua,LA,2020-02-22 17:27:22,20.42,104.04,51.57,99,10,2.39
270,Middle Island,US,2020-02-22 17:27:22,40.88,-72.94,46.0,22,1,10.29
271,Orocue,CO,2020-02-22 17:27:22,4.79,-71.34,101.01,27,67,10.67
272,Yumen,CN,2020-02-22 17:27:22,40.28,97.2,27.61,42,0,3.62
273,General Pico,AR,2020-02-22 17:25:47,-35.66,-63.76,81.99,14,0,9.31
274,Cuitlahuac,MX,2020-02-22 17:27:22,18.82,-96.72,75.2,60,75,14.99
275,Inuvik,CA,2020-02-22 17:22:30,68.35,-133.72,-2.2,84,90,3.36
276,San Rafael,AR,2020-02-22 17:27:23,-34.62,-68.33,77.83,24,0,17.25
277,Xuddur,SO,2020-02-22 17:27:23,4.12,43.89,83.17,30,6,11.63
278,Airai,TL,2020-02-22 17:27:23,-8.93,125.41,66.97,88,53,3.56
279,Xihe,CN,2020-02-22 17:27:23,31.69,113.47,50.22,67,8,2.73
280,Saint-Georges,GD,2020-02-22 17:27:24,12.06,-61.75,84.2,66,20,11.41
281,Dikson,RU,2020-02-22 17:27:24,73.51,80.55,14.67,93,100,25.32
282,Verkhoyansk,RU,2020-02-22 17:27:24,67.54,133.38,-10.86,100,90,1.95
283,Tiksi,RU,2020-02-22 17:27:24,71.69,128.87,-10.79,91,92,9.78
284,Antofagasta,CL,2020-02-22 17:27:24,-23.65,-70.4,72.0,68,20,16.11
285,Batagay-Alyta,RU,2020-02-22 17:27:25,67.8,130.41,-19.34,81,9,2.39
286,Ruswil,CH,2020-02-22 17:27:25,47.08,8.13,51.8,50,46,3.36
287,Bonavista,CA,2020-02-22 17:27:25,48.65,-53.11,24.01,71,9,13.0
288,Klyuchi,RU,2020-02-22 17:27:25,52.27,79.17,17.74,95,100,8.41
289,Ambilobe,MG,2020-02-22 17:27:25,-13.2,49.05,77.25,90,100,3.51
290,Pa Sang,TH,2020-02-22 17:27:25,18.53,98.94,75.0,60,20,0.98
291,Aksarka,RU,2020-02-22 17:27:26,66.56,67.8,17.58,90,95,19.73
292,Waipawa,NZ,2020-02-22 17:27:26,-41.41,175.52,55.4,82,100,24.16
293,Paamiut,GL,2020-02-22 17:27:26,61.99,-49.67,17.6,74,100,21.79
294,Aduturai,IN,2020-02-22 17:27:26,11.01,79.48,74.82,88,94,6.26
295,Comodoro Rivadavia,AR,2020-02-22 17:27:26,-45.87,-67.5,84.2,25,0,16.11
296,Salinopolis,BR,2020-02-22 17:27:27,-0.61,-47.36,79.95,82,99,5.17
297,Wajima,JP,2020-02-22 17:27:27,37.4,136.9,45.93,65,99,41.11
298,Palmer,US,2020-02-22 17:27:27,42.16,-72.33,45.0,30,20,16.11
299,Tecolutla,MX,2020-02-22 17:27:27,20.48,-97.02,62.6,72,90,5.82
300,Parkes,AU,2020-02-22 17:27:27,-33.13,148.18,71.01,64,100,5.01
301,Esmeralda,CU,2020-02-22 17:27:28,21.85,-78.12,82.4,58,40,11.41
302,Strezhevoy,RU,2020-02-22 17:27:28,60.73,77.59,5.0,84,0,4.47
303,Dalbandin,PK,2020-02-22 17:24:03,28.89,64.41,66.51,25,0,4.85
304,Birakan,RU,2020-02-22 17:27:28,49.02,131.7,-1.89,91,0,5.59
305,San Quintin,MX,2020-02-22 17:27:28,30.48,-115.95,61.65,71,70,9.55
306,Sydney,AU,2020-02-22 17:22:50,-33.87,151.21,71.01,100,40,2.24
307,Artyom,AZ,2020-02-22 17:27:29,40.47,50.33,48.2,87,90,6.93
308,Talnakh,RU,2020-02-22 17:24:53,69.49,88.4,5.0,84,75,15.66
309,Ovsyanka,RU,2020-02-22 17:27:29,55.96,92.55,23.0,85,40,2.24
310,Cayenne,GF,2020-02-22 17:27:29,4.93,-52.33,84.2,74,75,14.99
311,Namatanai,PG,2020-02-22 17:27:29,-3.67,152.43,83.48,75,24,4.14
312,Leningradskiy,RU,2020-02-22 17:27:30,69.38,178.42,-12.39,96,100,9.48
313,Clyde River,CA,2020-02-22 17:27:30,70.47,-68.59,-22.0,74,1,5.82
314,Henties Bay,NA,2020-02-22 17:27:30,-22.12,14.28,66.0,86,37,5.01
315,Kamariotissa,GR,2020-02-22 17:27:31,40.48,25.47,50.0,68,40,20.8
316,Sungaipenuh,ID,2020-02-22 17:27:32,-2.08,101.38,64.47,96,99,3.51
317,Abbeville,FR,2020-02-22 17:27:32,50.1,1.83,51.01,93,90,14.99
318,Brae,GB,2020-02-22 17:27:32,60.4,-1.35,42.8,75,96,29.97
319,Wad Rawah,SD,2020-02-22 17:26:14,15.16,33.14,77.38,11,56,13.06
320,Bagdarin,RU,2020-02-22 17:27:33,54.43,113.6,3.31,91,100,2.84
321,Sinop,TR,2020-02-22 17:27:33,41.77,34.87,42.57,86,100,11.56
322,Buraydah,SA,2020-02-22 17:25:09,26.33,43.98,73.4,33,0,2.24
323,Mitsamiouli,KM,2020-02-22 17:27:33,-11.38,43.28,77.0,88,75,5.82
324,Sorland,NO,2020-02-22 17:27:33,67.67,12.69,41.56,77,100,18.32
325,Lodwar,KE,2020-02-22 17:27:34,3.12,35.6,91.38,34,36,18.21
326,Turku,FI,2020-02-22 17:27:34,60.43,22.28,42.8,81,75,21.92
327,Mount Gambier,AU,2020-02-22 17:25:06,-37.83,140.77,50.0,93,0,6.93
328,Tuy Hoa,VN,2020-02-22 17:27:34,13.08,109.3,75.24,78,85,22.26
329,Lazaro Cardenas,MX,2020-02-22 17:27:34,17.96,-102.2,88.52,40,0,6.64
330,Estrela,BR,2020-02-22 17:27:35,-28.06,-50.94,69.35,34,0,6.38
331,Lasa,IT,2020-02-22 17:27:35,46.62,10.7,53.6,34,40,3.18
332,Ginir,ET,2020-02-22 17:26:35,7.13,40.7,65.86,41,7,3.58
333,Mazatlan,MX,2020-02-22 17:25:13,23.22,-106.42,81.0,74,75,2.24
334,Jacareacanga,BR,2020-02-22 17:27:36,-6.22,-57.75,82.69,77,98,2.24
335,Kavaratti,IN,2020-02-22 17:24:53,10.57,72.64,82.38,74,100,6.11
336,Kaeo,NZ,2020-02-22 17:27:36,-35.1,173.78,62.01,100,34,14.38
337,Esperance,AU,2020-02-22 17:27:36,-33.87,121.9,68.0,72,90,8.05
338,Balabac,PH,2020-02-22 17:24:03,7.99,117.06,79.86,77,17,20.33
339,Codajas,BR,2020-02-22 17:27:37,-3.84,-62.06,75.27,95,100,1.7
340,Sosnovo-Ozerskoye,RU,2020-02-22 17:27:37,52.52,111.54,4.86,96,100,5.64
341,Kaiwaka,NZ,2020-02-22 17:27:37,-36.17,174.45,60.01,73,31,3.0
342,Ambulu,ID,2020-02-22 17:27:37,-8.35,113.61,80.44,81,66,4.97
343,Yar-Sale,RU,2020-02-22 17:27:37,66.83,70.83,17.8,91,94,19.26
344,Rockport,US,2020-02-22 17:27:38,28.02,-97.05,64.4,52,1,10.29
345,Andenes,NO,2020-02-22 17:26:08,69.31,16.12,36.0,75,100,21.92
346,Thunder Bay,CA,2020-02-22 17:27:38,48.4,-89.32,39.0,55,75,2.24
347,Puquio,PE,2020-02-22 17:27:38,-14.7,-74.13,49.42,66,88,0.72
348,Mayskiy,RU,2020-02-22 17:25:27,47.69,40.1,33.8,99,75,6.71
349,Palana,RU,2020-02-22 17:27:39,59.12,159.97,2.62,94,100,7.94
350,Port-Cartier,CA,2020-02-22 17:27:39,50.03,-66.87,33.01,63,75,8.05
351,Tougue,GN,2020-02-22 17:27:39,11.47,-11.6,87.22,25,82,0.83
352,Kieta,PG,2020-02-22 17:27:39,-6.22,155.63,80.91,75,12,4.94
353,Charters Towers,AU,2020-02-22 17:23:31,-20.1,146.27,75.07,88,100,11.63
354,Monteagudo,BO,2020-02-22 17:27:39,-19.82,-63.98,75.2,53,20,4.7
355,Ust-Tsilma,RU,2020-02-22 17:27:40,65.44,52.15,31.6,86,100,12.26
356,Grindavik,IS,2020-02-22 17:27:40,63.84,-22.43,32.0,70,75,3.36
357,Parrsboro,CA,2020-02-22 17:26:06,45.4,-64.33,37.0,59,75,18.34
358,Matay,EG,2020-02-22 17:27:40,28.42,30.78,55.4,49,0,9.33
359,Severnoye,RU,2020-02-22 17:27:40,56.35,78.36,21.42,96,98,5.73
360,Jambi,ID,2020-02-22 17:27:41,-1.6,103.62,73.24,98,75,2.53
361,Glenwood Springs,US,2020-02-22 17:27:41,39.55,-107.32,43.0,67,1,2.53
362,Nivala,FI,2020-02-22 17:27:41,63.92,25.0,32.0,95,100,5.01
363,Alugan,PH,2020-02-22 17:27:41,12.22,125.48,77.27,82,16,11.63
364,Tiznit,MA,2020-02-22 17:27:41,29.58,-9.5,69.91,15,0,18.92
365,Manokwari,ID,2020-02-22 17:27:42,-0.87,134.08,71.58,89,85,5.14
366,Guerrero Negro,MX,2020-02-22 17:27:42,27.98,-114.06,62.78,68,100,11.41
367,Laredo,US,2020-02-22 17:24:10,27.51,-99.51,59.0,50,90,10.29
368,Novikovo,RU,2020-02-22 17:27:42,51.15,37.89,29.75,98,78,4.72
369,Monrovia,LR,2020-02-22 17:25:21,6.3,-10.8,91.4,59,40,12.75
370,Kalemie,CD,2020-02-22 17:27:42,-5.95,29.19,67.55,90,95,2.93
371,Tirthahalli,IN,2020-02-22 17:27:43,13.7,75.23,71.58,36,13,3.94
372,Payakumbuh,ID,2020-02-22 17:27:43,-0.22,100.63,67.66,97,57,3.62
373,Katobu,ID,2020-02-22 17:27:43,-4.94,122.53,76.32,91,100,1.99
374,Caravelas,BR,2020-02-22 17:27:43,-17.71,-39.25,81.88,84,55,16.02
375,Troitsko-Pechorsk,RU,2020-02-22 17:27:44,62.71,56.2,32.76,85,100,11.81
376,Bumba,CD,2020-02-22 17:27:44,2.18,22.47,82.92,36,98,2.82
377,Manta,EC,2020-02-22 17:22:45,-0.95,-80.73,84.2,79,75,2.24
378,Taksimo,RU,2020-02-22 17:27:44,56.34,114.88,0.45,92,100,0.27
379,Kalaleh,IR,2020-02-22 17:27:44,37.38,55.49,55.4,76,90,6.93
380,Saint-Joseph,RE,2020-02-22 17:27:45,-21.37,55.62,78.8,73,47,2.24
381,Yulara,AU,2020-02-22 17:27:45,-25.24,130.99,77.0,17,0,8.05
382,Grand Gaube,MU,2020-02-22 17:27:45,-20.01,57.66,78.8,83,40,3.36
383,Aratoca,CO,2020-02-22 17:27:45,6.69,-73.02,77.0,73,40,6.93
384,Sesheke,ZM,2020-02-22 17:27:46,-17.48,24.3,84.2,58,76,2.24
385,Upernavik,GL,2020-02-22 17:25:26,72.79,-56.15,-17.97,97,22,0.36
386,Sheridan,US,2020-02-22 17:27:46,44.83,-106.92,37.0,58,1,1.12
387,Shelburne,CA,2020-02-22 17:27:46,44.08,-80.2,37.99,59,1,13.87
388,Donji Milanovac,RS,2020-02-22 17:27:46,44.46,22.15,35.19,77,28,5.93
389,Sarangani,PH,2020-02-22 17:27:47,5.4,125.46,80.65,76,66,20.27
390,Hampton,US,2020-02-22 17:27:47,37.03,-76.35,48.99,33,1,10.29
391,Saint Anthony,US,2020-02-22 17:25:28,45.02,-93.22,41.0,74,1,5.82
392,Calmar,CA,2020-02-22 17:27:47,53.27,-113.82,35.01,71,90,4.7
393,La Crosse,US,2020-02-22 17:26:43,43.8,-91.24,41.0,74,1,11.41
394,Trairi,BR,2020-02-22 17:27:47,-3.28,-39.27,76.08,92,100,2.55
395,Pisco,PE,2020-02-22 17:27:48,-13.7,-76.22,78.01,30,75,10.29
396,Magadan,RU,2020-02-22 17:25:22,59.57,150.8,-4.38,95,100,3.76
397,Palmas,BR,2020-02-22 17:27:48,-10.21,-48.36,85.03,76,100,0.56
398,Goma,CD,2020-02-22 17:27:48,-1.68,29.22,59.38,93,90,0.81
399,Olafsvik,IS,2020-02-22 17:27:48,64.89,-23.71,29.07,70,99,8.55
400,Knysna,ZA,2020-02-22 17:27:49,-34.04,23.05,64.4,93,90,5.82
401,Greeley,US,2020-02-22 17:23:30,40.42,-104.71,53.01,52,1,10.29
402,Merauke,ID,2020-02-22 17:25:06,-8.47,140.33,76.51,94,100,9.33
403,Axim,GH,2020-02-22 17:27:49,4.87,-2.24,81.86,81,100,7.83
404,Thabazimbi,ZA,2020-02-22 17:27:49,-24.59,27.41,73.71,68,28,2.24
405,El Alto,PE,2020-02-22 17:27:50,-4.27,-81.21,62.6,100,40,10.29
406,Luderitz,NA,2020-02-22 17:25:34,-26.65,15.16,73.4,60,0,27.51
407,Benicarlo,ES,2020-02-22 17:26:50,40.42,0.43,57.0,74,97,2.48
408,Olinda,BR,2020-02-22 17:26:08,-8.01,-34.86,86.0,70,40,9.17
409,Akhmeta,GE,2020-02-22 17:27:53,42.03,45.21,46.4,75,90,5.82
410,Hervey Bay,AU,2020-02-22 17:27:53,-25.3,152.85,79.0,73,40,9.17
411,Sabha,LY,2020-02-22 17:27:53,27.04,14.43,59.81,36,0,9.04
412,Ust-Nera,RU,2020-02-22 17:27:53,64.57,143.2,-27.35,99,100,0.81
413,Tartus,SY,2020-02-22 17:27:53,34.89,35.89,57.2,71,40,6.93
414,Riyadh,SA,2020-02-22 17:27:34,24.69,46.72,71.6,28,0,9.17
415,Chingola,ZM,2020-02-22 17:23:33,-12.53,27.88,68.95,92,59,3.04
416,Amapa,BR,2020-02-22 17:27:54,1.0,-52.0,81.72,89,88,4.21
417,Valparaiso,CL,2020-02-22 17:27:54,-33.04,-71.63,66.2,67,20,3.36
418,Peniche,PT,2020-02-22 17:27:54,39.36,-9.38,71.6,63,5,10.29
419,San Carlos De Bariloche,AR,2020-02-22 17:26:40,-41.15,-71.31,73.4,32,0,4.7
420,Paragould,US,2020-02-22 17:27:55,36.06,-90.5,43.0,48,1,11.41
421,Nuqui,CO,2020-02-22 17:27:55,5.71,-77.27,82.4,78,75,6.93
422,Zhigansk,RU,2020-02-22 17:26:07,66.77,123.37,-16.2,98,80,5.21
423,Skibbereen,IE,2020-02-22 17:27:55,51.55,-9.27,46.4,81,75,13.87
424,Constitucion,CL,2020-02-22 17:27:55,-35.33,-72.42,65.26,64,12,8.59
425,Minsk,BY,2020-02-22 17:24:35,53.9,27.57,39.2,80,75,24.61
426,Naples,IT,2020-02-22 17:27:56,40.83,14.25,59.0,30,0,5.82
427,Praia Da Vitoria,PT,2020-02-22 17:27:56,38.73,-27.07,64.4,63,40,4.29
428,Bubaque,GW,2020-02-22 17:27:56,11.28,-15.83,78.76,70,32,18.59
429,Neuquen,AR,2020-02-22 17:24:28,-38.95,-68.06,78.8,24,0,10.29
430,Bodo,NO,2020-02-22 17:27:57,67.28,14.4,37.0,93,75,26.4
431,Ventspils,LV,2020-02-22 17:27:57,57.39,21.56,42.8,100,75,28.86
432,Port Hardy,CA,2020-02-22 17:25:08,50.7,-127.42,33.8,100,40,4.7
433,Mao,ES,2020-02-22 17:27:57,39.89,4.27,55.4,82,20,10.29
434,Aksum,ET,2020-02-22 17:27:57,14.12,38.72,72.75,31,48,15.28
435,Klaksvik,FO,2020-02-22 17:27:58,62.23,-6.59,37.4,64,83,8.05
436,Rio Casca,BR,2020-02-22 17:27:58,-20.23,-42.65,85.01,71,85,2.93
437,Sitka,US,2020-02-22 17:27:58,57.05,-135.33,33.8,86,90,6.93
438,Sibu,MY,2020-02-22 17:27:58,2.3,111.82,77.0,94,75,5.82
439,College,US,2020-02-22 17:27:59,64.86,-147.8,10.4,84,90,2.59
440,Scottsbluff,US,2020-02-22 17:27:59,41.87,-103.67,52.0,27,1,12.75
441,Kirakira,SB,2020-02-22 17:27:59,-10.45,161.92,77.0,85,23,5.99
442,San Vicente,AR,2020-02-22 17:27:19,-26.62,-54.13,72.0,46,0,6.91
443,Durban,ZA,2020-02-22 17:27:59,-29.86,31.03,78.01,88,75,14.99
444,Syracuse,IT,2020-02-22 17:28:00,37.09,15.28,59.0,87,20,4.7
445,Gorontalo,ID,2020-02-22 17:28:00,0.54,123.06,73.8,92,49,5.1
446,Le Mee-Sur-Seine,FR,2020-02-22 17:24:29,48.53,2.63,55.99,76,90,13.87
447,Stubbekobing,DK,2020-02-22 17:28:00,54.89,12.04,44.01,81,98,16.11
448,Lakes Entrance,AU,2020-02-22 17:28:00,-37.88,147.98,55.0,96,0,6.04
449,Korla,CN,2020-02-22 17:25:47,41.76,86.15,42.01,52,0,3.0
450,Alta Floresta,BR,2020-02-22 17:28:01,-9.88,-56.09,77.11,87,99,4.29
451,Puerto Ayacucho,VE,2020-02-22 17:28:01,5.66,-67.62,96.8,37,40,9.17
452,Brightwater,NZ,2020-02-22 17:28:01,-41.38,173.12,55.0,83,62,3.31
453,Medea,DZ,2020-02-22 17:28:01,36.26,2.75,60.8,72,20,10.29
454,Key Largo,US,2020-02-22 17:23:30,25.09,-80.45,75.99,60,75,21.92
455,Jagodina,RS,2020-02-22 17:28:02,43.98,21.26,44.6,45,30,2.24
456,Siyabuswa,ZA,2020-02-22 17:28:02,-25.11,29.04,80.6,53,68,6.04
457,Aklavik,CA,2020-02-22 17:28:02,68.22,-135.01,-2.2,83,90,3.36
458,Manassas Park,US,2020-02-22 17:28:03,38.78,-77.47,51.01,23,1,8.05
459,Ouadda,CF,2020-02-22 17:28:03,8.08,22.4,83.14,19,20,7.2
460,Ikom,NG,2020-02-22 17:28:03,5.97,8.71,92.12,30,1,1.77
461,Vao,NC,2020-02-22 17:28:04,-22.67,167.48,78.62,73,1,12.88
462,Campbellsville,US,2020-02-22 17:28:04,37.34,-85.34,45.0,32,1,5.82
463,Polunochnoye,RU,2020-02-22 17:28:04,60.87,60.42,22.05,89,98,7.63
464,Anloga,GH,2020-02-22 17:28:05,5.79,0.9,87.8,74,20,14.99
465,Touros,BR,2020-02-22 17:28:05,-5.2,-35.46,86.0,74,75,12.75
466,Cruz Alta,BR,2020-02-22 17:28:06,-28.64,-53.61,68.0,52,5,6.93
467,Mandalgovi,MN,2020-02-22 17:28:06,45.76,106.27,19.51,62,87,13.71
468,Atar,MR,2020-02-22 17:28:07,20.52,-13.05,93.81,7,74,11.56
469,Umm Kaddadah,SD,2020-02-22 17:28:07,13.6,26.69,73.8,11,16,14.79
470,Trenggalek,ID,2020-02-22 17:28:07,-8.05,111.72,73.51,88,71,2.53
471,Eregli,TR,2020-02-22 17:28:07,37.51,34.05,38.01,81,99,2.19
472,Bengkulu,ID,2020-02-22 17:28:08,-3.8,102.27,74.3,89,84,3.96
473,La Ronge,CA,2020-02-22 17:28:08,55.1,-105.28,35.6,51,75,11.41
474,Souillac,MU,2020-02-22 17:28:08,-20.52,57.52,78.8,83,40,3.36
475,Hokitika,NZ,2020-02-22 17:28:08,-42.72,170.97,54.45,73,0,9.69
476,Shingu,JP,2020-02-22 17:28:08,33.73,135.98,49.87,62,0,19.73
477,Otta,NO,2020-02-22 17:28:09,61.77,9.54,13.42,84,52,6.76
478,Sola,VU,2020-02-22 17:27:31,-13.88,167.55,81.54,82,3,14.65
479,Faya,SA,2020-02-22 17:28:09,18.39,42.45,66.2,55,100,5.82
480,Vila Franca Do Campo,PT,2020-02-22 17:28:10,37.72,-25.43,62.6,63,20,5.82
481,Funadhoo,MV,2020-02-22 17:28:10,6.15,73.27,83.66,77,100,15.05
482,Dingle,PH,2020-02-22 17:24:55,11.0,122.67,70.88,92,3,12.06
483,Bambanglipuro,ID,2020-02-22 17:28:10,-7.95,110.28,75.61,91,93,1.43
484,Albury,AU,2020-02-22 17:28:10,-36.08,146.92,69.01,72,0,6.93
485,Barcelona,ES,2020-02-22 17:28:11,41.39,2.16,61.0,82,80,3.36
486,Nouadhibou,MR,2020-02-22 17:25:43,20.93,-17.03,68.0,72,20,23.04
487,Husavik,IS,2020-02-22 17:28:11,66.04,-17.34,24.78,79,100,3.71
488,Voyvozh,RU,2020-02-22 17:28:11,62.89,54.96,32.0,86,100,13.82
489,Aykhal,RU,2020-02-22 17:28:11,66.0,111.5,-5.8,76,75,4.47
490,Akranes,IS,2020-02-22 17:28:12,64.32,-22.07,32.0,85,97,6.93
491,Yoichi,JP,2020-02-22 17:28:12,43.2,140.77,24.35,88,97,19.24
492,Huarmey,PE,2020-02-22 17:28:12,-10.07,-78.15,85.55,42,100,11.77
493,Kortkeros,RU,2020-02-22 17:28:12,61.81,51.58,35.6,64,100,8.95
494,Tazovskiy,RU,2020-02-22 17:28:12,67.47,78.7,9.5,89,94,18.05
495,Rock Sound,BS,2020-02-22 17:28:13,24.9,-76.2,71.02,75,6,25.93
496,Biu,NG,2020-02-22 17:28:13,10.61,12.19,87.26,14,2,14.03
497,Kamyshla,RU,2020-02-22 17:28:13,54.12,52.14,29.21,97,100,6.49
498,Gunjur,GM,2020-02-22 17:28:13,13.2,-16.73,87.8,52,49,11.41
499,Gat,IL,2020-02-22 17:25:22,31.61,34.76,57.2,82,37,3.36
500,Lujan,AR,2020-02-22 17:28:14,-34.57,-59.1,75.0,53,0,5.82
501,Pacific Grove,US,2020-02-22 17:24:00,36.62,-121.92,59.0,76,40,3.36
502,West Odessa,US,2020-02-22 17:28:14,31.84,-102.5,52.0,57,20,12.75
503,Kenosha,US,2020-02-22 17:28:14,42.57,-88.05,44.01,51,1,17.22
504,Krasnoselkup,RU,2020-02-22 17:28:15,65.7,82.47,4.32,87,72,13.47
505,Vanimo,PG,2020-02-22 17:28:15,-2.67,141.3,81.5,83,67,14.76
506,Anamur,TR,2020-02-22 17:28:15,36.08,32.84,51.8,87,75,4.7
507,Amot,NO,2020-02-22 17:28:15,59.57,7.99,28.06,81,12,18.5
508,Dembi Dolo,ET,2020-02-22 17:28:16,8.53,34.8,76.03,43,35,4.12
509,Svetlogorsk,BY,2020-02-22 17:28:16,52.63,29.73,37.4,75,97,17.16
510,Barao De Melgaco,BR,2020-02-22 17:28:16,-16.19,-55.97,86.0,62,75,6.06
511,Khammam,IN,2020-02-22 17:28:16,17.25,80.15,69.42,86,0,5.5
512,Gamba,GA,2020-02-22 17:28:16,-2.65,10.0,79.86,87,99,6.06
513,Dunedin,NZ,2020-02-22 17:26:28,-45.87,170.5,52.0,66,50,7.05
514,Bongandanga,CD,2020-02-22 17:28:17,1.5,21.05,82.22,43,71,1.66
515,Kingsland,US,2020-02-22 17:28:17,30.8,-81.69,57.0,71,40,18.34
516,Rinteln,DE,2020-02-22 17:28:18,52.19,9.08,51.01,81,75,24.16
517,San Policarpo,PH,2020-02-22 17:28:18,12.18,125.51,77.27,82,16,11.63
518,Half Moon Bay,US,2020-02-22 17:28:18,37.46,-122.43,62.01,76,20,11.41
519,Jos,NG,2020-02-22 17:28:18,9.92,8.9,86.0,19,18,10.29
520,Maniitsoq,GL,2020-02-22 17:28:18,65.42,-52.9,9.86,87,100,12.64
521,Bandarbeyla,SO,2020-02-22 17:28:19,9.49,50.81,77.27,77,0,17.72
522,Kovdor,RU,2020-02-22 17:28:19,67.57,30.48,32.67,94,100,9.66
523,Nemuro,JP,2020-02-22 17:28:19,43.32,145.57,34.57,84,100,19.57
524,Vaitape,PF,2020-02-22 17:28:19,-16.52,-151.75,81.46,77,3,10.83
525,Cam Ranh,VN,2020-02-22 17:28:20,11.92,109.16,77.0,83,40,18.34
526,Kalabo,ZM,2020-02-22 17:28:20,-14.97,22.68,73.76,84,88,6.93
527,Marsh Harbour,BS,2020-02-22 17:28:20,26.54,-77.06,69.42,68,0,23.69
528,Prince Rupert,CA,2020-02-22 17:27:26,54.32,-130.32,39.2,86,90,9.17
529,Changping,CN,2020-02-22 17:28:20,40.22,116.22,39.99,68,0,2.24
530,Rindal,NO,2020-02-22 17:28:21,63.06,9.21,35.6,80,78,29.97
531,Jurm,AF,2020-02-22 17:28:21,36.86,70.83,24.98,43,0,9.66
532,Pouebo,NC,2020-02-22 17:28:21,-20.4,164.57,70.88,93,9,4.09
533,Mahon,ES,2020-02-22 17:27:57,39.89,4.27,55.4,82,20,10.29
534,Port Dickson,MY,2020-02-22 17:28:21,2.52,101.8,82.0,69,20,12.75
535,Athabasca,CA,2020-02-22 17:28:21,54.72,-113.29,30.87,72,93,14.18
536,Buncrana,IE,2020-02-22 17:28:22,55.13,-7.45,42.8,75,20,32.21
537,Santa Vitoria Do Palmar,BR,2020-02-22 17:28:22,-33.52,-53.37,69.78,54,85,10.07
538,Zagorje Ob Savi,SI,2020-02-22 17:28:22,46.13,15.0,51.8,82,76,5.82
539,Kampong Thum,KH,2020-02-22 17:28:22,12.71,104.89,74.95,51,0,11.32
540,Derbent,RU,2020-02-22 17:28:22,42.07,48.29,44.71,78,100,7.34
541,Verkh-Usugli,RU,2020-02-22 17:28:23,52.7,115.17,11.34,96,100,2.19
542,Port-De-Bouc,FR,2020-02-22 17:28:23,43.4,4.98,59.0,67,0,5.82
543,Poum,NC,2020-02-22 17:28:23,-20.23,164.02,80.67,80,5,17.67
544,Nantucket,US,2020-02-22 17:28:23,41.28,-70.1,45.0,48,1,19.46
545,Lompoc,US,2020-02-22 17:28:23,34.64,-120.46,57.99,71,75,2.39
546,Port Macquarie,AU,2020-02-22 17:28:24,-31.43,152.92,68.0,100,90,5.82
547,Inongo,CD,2020-02-22 17:28:24,-1.95,18.27,81.64,70,79,1.45
548,Flin Flon,CA,2020-02-22 17:28:24,54.77,-101.86,33.8,55,20,8.05
549,Havre-Saint-Pierre,CA,2020-02-22 17:25:39,50.23,-63.6,26.6,79,20,20.8
550,Ville-Marie,CA,2020-02-22 17:28:24,47.33,-79.43,37.4,55,1,10.29
551,La Serena,CL,2020-02-22 17:28:25,-29.91,-71.25,68.0,68,20,10.29
552,Tambovka,RU,2020-02-22 17:28:25,50.1,128.05,1.4,70,40,2.24
553,Sorong,ID,2020-02-22 17:28:25,-0.88,131.25,75.04,96,100,3.8
554,Jurbarkas,LT,2020-02-22 17:28:25,55.08,22.77,43.0,70,100,24.76
555,Halifax,CA,2020-02-22 17:27:00,44.65,-63.57,37.0,73,90,13.87
556,Roald,NO,2020-02-22 17:28:26,62.58,6.13,41.0,72,40,26.4
557,Toktogul,KG,2020-02-22 17:28:26,41.87,72.94,22.64,96,57,1.92
558,Dahra,DZ,2020-02-22 17:28:26,36.25,0.85,64.4,55,0,11.41
559,Hami,CN,2020-02-22 17:28:26,42.8,93.45,30.24,54,51,2.01
560,Ishigaki,JP,2020-02-22 17:24:58,24.34,124.16,68.49,82,89,24.4
561,Chishtian Mandi,PK,2020-02-22 17:28:26,29.8,72.87,64.4,47,0,6.33
562,Ndele,CF,2020-02-22 17:28:27,8.41,20.65,86.56,17,0,6.02
563,Yagodnoye,RU,2020-02-22 17:28:27,62.55,149.67,-17.25,86,100,1.34
564,Ahipara,NZ,2020-02-22 17:28:27,-35.17,173.17,62.01,100,22,20.6
565,Chara,RU,2020-02-22 17:28:27,56.91,118.26,1.65,82,100,0.36
566,Sinnamary,GF,2020-02-22 17:25:13,5.38,-52.95,80.15,83,93,15.55
567,Ryotsu,JP,2020-02-22 17:28:28,38.08,138.43,42.8,75,75,14.99
568,Sarahan,IN,2020-02-22 17:28:28,31.52,77.8,19.31,60,68,9.71
569,Bundaberg,AU,2020-02-22 17:28:28,-24.85,152.35,79.0,73,40,9.17
570,Macapa,BR,2020-02-22 17:25:22,0.04,-51.07,87.8,70,75,3.36
571,Villafranca De Los Barros,ES,2020-02-22 17:28:29,38.56,-6.34,69.8,35,3,5.82
572,Bulungu,CD,2020-02-22 17:28:29,-4.55,18.6,80.56,75,100,2.84
573,Pompeu,BR,2020-02-22 17:28:29,-19.22,-44.94,83.07,64,68,4.32
574,Lora Del Rio,ES,2020-02-22 17:28:29,37.66,-5.53,73.4,40,11,10.29
575,Ialibu,PG,2020-02-22 17:28:29,-6.28,143.99,62.26,98,100,1.43
576,Zheleznodorozhnyy,RU,2020-02-22 17:28:30,55.75,38.0,39.99,64,80,13.42
577,Segou,ML,2020-02-22 17:28:30,13.43,-6.22,96.91,6,23,8.43
578,Qui Nhon,VN,2020-02-22 17:28:30,13.77,109.23,65.52,93,2,4.7
579,Sept-Iles,CA,2020-02-22 17:25:39,50.2,-66.38,33.01,63,75,8.05
580,Nampula,MZ,2020-02-22 17:28:30,-15.12,39.27,80.6,78,75,9.17
581,Maua,BR,2020-02-22 17:28:31,-23.67,-46.46,73.0,82,90,9.17
582,Topolobampo,MX,2020-02-22 17:28:31,25.6,-109.05,75.0,60,90,2.95
583,Tukrah,LY,2020-02-22 17:28:31,32.53,20.58,56.12,72,94,18.95
584,Novaya Malykla,RU,2020-02-22 17:28:31,54.2,49.95,30.29,93,100,7.83
585,Santiago,CL,2020-02-22 17:24:52,-33.46,-70.65,82.0,41,0,6.93
586,Ornskoldsvik,SE,2020-02-22 17:28:32,63.29,18.72,39.2,93,90,11.41
587,Kudahuvadhoo,MV,2020-02-22 17:28:32,2.67,72.89,80.78,79,98,2.91
588,Guadalajara,MX,2020-02-22 17:24:02,20.67,-103.33,75.0,37,5,2.15
589,Zhezkazgan,KZ,2020-02-22 17:28:32,47.8,67.71,16.75,93,100,7.85
590,Eyl,SO,2020-02-22 17:28:32,7.98,49.82,77.95,77,0,22.73
591,Jonesboro,US,2020-02-22 17:28:33,35.84,-90.7,42.01,48,1,11.41
592,Xai-Xai,MZ,2020-02-22 17:28:33,-25.05,33.64,77.27,88,3,4.65
593,Kupang,ID,2020-02-22 17:27:29,-10.17,123.58,83.46,80,61,12.55
594,Rio Grande,BR,2020-02-22 17:28:12,-32.03,-52.1,73.4,53,90,19.46
595,Catuday,PH,2020-02-22 17:28:33,16.29,119.81,75.87,73,30,14.23
596,Kushmurun,KZ,2020-02-22 17:28:33,52.45,64.63,23.97,92,100,5.37
597,Tura,IN,2020-02-22 17:28:29,25.52,90.22,69.8,40,96,4.52
598,Sibolga,ID,2020-02-22 17:28:34,1.74,98.78,71.42,88,0,3.4
599,Marmora,IT,2020-02-22 17:28:34,44.46,7.09,52.0,62,14,2.24
600,Ponta Delgada,PT,2020-02-22 17:28:34,37.73,-25.67,62.6,63,20,5.82
601,Zonguldak,TR,2020-02-22 17:28:35,41.25,31.83,31.84,97,100,4.5
602,Lichinga,MZ,2020-02-22 17:28:35,-13.31,35.24,73.65,92,55,2.39
603,Khani,GE,2020-02-22 17:28:35,41.96,42.96,48.2,81,90,2.24
604,Mikuni,JP,2020-02-22 17:28:35,36.22,136.15,50.0,43,75,24.16
605,North Myrtle Beach,US,2020-02-22 17:26:35,33.82,-78.68,51.01,33,1,8.05
606,Parian Dakula,PH,2020-02-22 17:28:36,5.56,120.77,81.61,70,42,6.11
607,Loikaw,MM,2020-02-22 17:28:36,19.67,97.21,67.19,48,62,3.67
608,Esmeraldas,BR,2020-02-22 17:28:36,-19.76,-44.31,87.8,48,75,6.93
609,Lorengau,PG,2020-02-22 17:25:44,-2.02,147.27,82.36,74,1,7.67
610,Waddan,LY,2020-02-22 17:28:37,29.16,16.14,58.1,43,0,9.48
611,Labytnangi,RU,2020-02-22 17:28:37,66.66,66.42,12.97,88,66,12.59
612,Marrakesh,MA,2020-02-22 17:24:41,31.63,-8.01,82.4,13,0,4.7
613,Sao Jose Da Coroa Grande,BR,2020-02-22 17:25:48,-8.9,-35.15,82.44,78,7,10.63
614,Bathsheba,BB,2020-02-22 17:25:08,13.22,-59.52,84.2,66,20,12.75
615,Suozhen,CN,2020-02-22 17:28:37,36.95,118.1,37.99,40,0,6.31
616,Ulladulla,AU,2020-02-22 17:28:38,-35.35,150.47,63.0,100,90,13.67
617,Ishikawa,JP,2020-02-22 17:28:38,26.42,127.82,64.4,72,40,10.29
618,Fergus Falls,US,2020-02-22 17:28:38,46.28,-96.08,33.8,68,1,8.05
619,Businga,CD,2020-02-22 17:28:38,3.33,20.88,86.31,24,44,1.92
620,Weihai,CN,2020-02-22 17:28:38,37.5,122.11,35.2,49,0,8.34
621,Anadyr,RU,2020-02-22 17:28:39,64.75,177.48,-13.0,69,0,4.47
622,Malayal,PH,2020-02-22 17:28:39,7.21,121.94,71.64,67,83,5.44
623,Champerico,GT,2020-02-22 17:28:39,14.3,-91.92,91.4,38,20,6.93
624,Kolyvan,RU,2020-02-22 17:28:39,55.31,82.74,23.0,92,100,2.84
625,Vysokogornyy,RU,2020-02-22 17:28:39,50.12,139.15,4.39,97,94,1.74
626,Maragogi,BR,2020-02-22 17:28:39,-9.01,-35.22,82.44,78,7,10.63
627,Porto Novo,BJ,2020-02-22 17:28:40,6.5,2.6,87.8,79,20,12.75
628,Jamsa,FI,2020-02-22 17:28:40,61.86,25.19,36.0,96,90,12.75
629,Amasya,TR,2020-02-22 17:28:40,40.67,35.83,37.4,98,75,12.75
630,Raga,SS,2020-02-22 17:28:40,8.46,25.68,79.43,14,9,4.79
631,Andros Town,BS,2020-02-22 17:28:41,24.7,-77.77,75.2,60,40,19.46
632,Beavercreek,US,2020-02-22 17:23:42,39.71,-84.06,44.01,25,1,8.05
633,Ratnagiri,IN,2020-02-22 17:28:41,16.98,73.3,70.97,58,0,2.13
634,Dubrovka,RU,2020-02-22 17:28:41,53.69,33.51,35.6,64,100,8.95
635,Dryden,CA,2020-02-22 17:28:41,49.78,-92.75,28.4,63,1,12.75
636,Marzuq,YE,2020-02-22 17:28:42,14.4,46.47,65.37,72,0,5.14
637,Mayo,US,2020-02-22 17:25:56,38.89,-76.51,51.01,24,1,6.93
638,Weligama,LK,2020-02-22 17:28:42,5.97,80.42,79.68,72,74,14.23
639,Washington,US,2020-02-22 17:27:20,47.5,-120.5,39.99,74,1,4.7
640,Gavle,SE,2020-02-22 17:24:42,60.67,17.14,39.99,81,100,8.99
641,Koboko,UG,2020-02-22 17:28:42,3.41,30.96,76.77,47,49,2.42
642,General Roca,AR,2020-02-22 17:28:43,-39.03,-67.58,78.8,24,0,10.29
643,Baykalovo,RU,2020-02-22 17:28:43,57.4,63.77,27.54,93,99,4.99
644,Jobabo,CU,2020-02-22 17:28:43,20.97,-76.3,84.2,54,75,6.93
645,Adrar,MR,2020-02-22 17:28:43,20.5,-10.07,89.51,8,96,6.87
646,Tungor,RU,2020-02-22 17:28:43,53.38,142.96,7.66,97,100,2.98
647,Nador,MA,2020-02-22 17:28:44,35.17,-2.93,60.8,72,75,8.05
648,Ladario,BR,2020-02-22 17:27:54,-19.0,-57.6,78.8,60,90,8.05
649,Jinxiang,CN,2020-02-22 17:28:44,22.86,115.7,61.3,83,0,3.18
650,Salalah,OM,2020-02-22 17:28:44,17.02,54.09,77.0,69,20,4.7
651,Arras,FR,2020-02-22 17:28:45,50.29,2.78,52.0,93,90,20.8
652,Kalmunai,LK,2020-02-22 17:28:45,7.42,81.82,81.21,79,72,18.14
653,Somerville,US,2020-02-22 17:28:45,42.39,-71.1,45.0,24,20,13.87
654,Tera,NE,2020-02-22 17:28:45,14.01,0.75,88.86,9,87,10.18
655,Venice,US,2020-02-22 17:28:45,27.1,-82.45,70.0,46,1,10.29
656,Maningrida,AU,2020-02-22 17:28:46,-12.07,134.27,83.3,80,99,16.93
657,Simbahan,PH,2020-02-22 17:28:46,6.3,120.58,81.16,75,92,22.39
658,Ambanja,MG,2020-02-22 17:28:46,-13.68,48.45,80.96,76,95,1.74
659,Paracuru,BR,2020-02-22 17:28:46,-3.41,-39.03,80.6,78,40,3.36
660,Karratha,AU,2020-02-22 17:28:47,-20.74,116.85,80.98,78,0,15.66
661,Glace Bay,CA,2020-02-22 17:28:47,46.2,-59.96,30.0,74,90,11.41
662,Fukue,JP,2020-02-22 17:28:47,32.69,128.84,48.2,57,20,13.87
663,Gazanjyk,TM,2020-02-22 17:28:47,39.24,55.52,48.25,70,100,12.66
664,Dauriya,RU,2020-02-22 17:28:47,49.93,116.87,5.94,82,100,3.31
665,Cockburn Town,TC,2020-02-22 17:28:48,21.46,-71.14,78.8,74,20,8.05
666,Paka,MY,2020-02-22 17:28:48,4.64,103.44,80.6,83,13,9.17
667,Alyangula,AU,2020-02-22 17:25:18,-13.85,136.42,78.8,100,90,1.12
668,Midyat,TR,2020-02-22 17:28:48,37.42,41.34,50.0,87,75,4.7
669,Madawaska,US,2020-02-22 17:28:48,47.36,-68.33,34.0,58,1,13.87
670,Lima,PE,2020-02-22 17:23:56,-12.04,-77.03,80.6,69,96,6.93
671,Shakhovskaya,RU,2020-02-22 17:28:49,56.03,35.51,34.65,80,100,19.93
672,Jamkhed,IN,2020-02-22 17:28:49,18.74,75.31,78.33,27,0,10.83
673,Jolalpan,MX,2020-02-22 17:28:49,18.32,-98.84,89.33,24,0,1.79
674,Kailua,US,2020-02-22 17:28:50,21.4,-157.74,70.0,77,40,4.7
675,Coronado,US,2020-02-22 17:28:50,32.69,-117.18,62.6,77,75,14.99
676,Ngunguru,NZ,2020-02-22 17:28:50,-35.62,174.5,60.01,93,29,1.01
677,Soskovo,RU,2020-02-22 17:28:50,52.75,35.38,30.65,83,5,11.39
678,Adolfo Lopez Mateos,MX,2020-02-22 17:28:50,28.47,-107.3,66.52,27,72,20.09
679,Camana,PE,2020-02-22 17:28:51,-16.62,-72.71,74.57,67,71,12.19
680,Fort-Shevchenko,KZ,2020-02-22 17:28:51,44.51,50.26,39.42,68,100,11.32
681,Mackay,AU,2020-02-22 17:28:51,-21.15,149.2,78.8,83,75,18.34
682,Nouakchott,MR,2020-02-22 17:28:46,18.09,-15.98,75.2,60,77,16.11
683,Tamale,GH,2020-02-22 17:28:51,9.4,-0.84,99.59,9,13,5.12
684,Dalvik,IS,2020-02-22 17:28:52,65.97,-18.53,21.56,83,97,2.26
685,Christchurch,NZ,2020-02-22 17:25:36,-43.53,172.63,50.0,100,90,1.12
686,Coihaique,CL,2020-02-22 17:28:52,-45.58,-72.07,77.0,31,0,3.36
687,Bahar,IR,2020-02-22 17:28:52,34.91,48.44,41.25,63,13,10.58
688,Novoselytsya,UA,2020-02-22 17:24:40,48.22,26.27,39.2,75,1,6.93
689,Wuwei,CN,2020-02-22 17:28:53,37.93,102.64,32.45,29,0,1.9
690,Sao Miguel Do Araguaia,BR,2020-02-22 17:28:53,-13.28,-50.16,84.65,68,99,4.05
691,Jardim,BR,2020-02-22 17:28:53,-21.48,-56.14,82.8,45,2,6.78
692,Hanmer Springs,NZ,2020-02-22 17:28:53,-42.52,172.82,44.29,93,96,0.36
693,Puerto Baquerizo Moreno,EC,2020-02-22 17:28:53,-0.9,-89.6,78.8,94,75,8.05
694,Skjervoy,NO,2020-02-22 17:28:53,70.03,20.97,35.74,63,83,21.25
695,Neiafu,TO,2020-02-22 17:28:54,-18.65,-173.98,77.0,94,40,11.05
696,Tadine,NC,2020-02-22 17:28:54,-21.55,167.88,75.31,83,30,9.06
697,Basoko,CD,2020-02-22 17:28:54,1.24,23.62,80.69,47,100,2.19
698,Radyvyliv,UA,2020-02-22 17:28:55,50.13,25.26,39.92,59,55,18.57
699,Aban,RU,2020-02-22 17:28:55,56.67,96.06,13.03,96,98,5.01
700,Lichtenburg,ZA,2020-02-22 17:28:55,-26.15,26.16,65.57,85,85,18.75
701,Laurel,US,2020-02-22 17:28:55,39.1,-76.85,51.01,8,1,9.17
702,Florianopolis,BR,2020-02-22 17:28:56,-27.61,-48.5,81.0,36,20,17.22
703,Bilma,NE,2020-02-22 17:28:56,18.69,12.92,75.04,12,73,11.54
704,Benguela,AO,2020-02-22 17:28:56,-12.58,13.41,81.5,77,99,4.38
705,Aguimes,ES,2020-02-22 17:28:56,27.91,-15.45,77.0,27,0,11.41
706,Jibuti,DJ,2020-02-22 17:28:56,11.5,42.5,80.6,78,20,5.82
707,Yelan-Kolenovskiy,RU,2020-02-22 17:28:57,51.16,41.15,29.7,95,100,5.93
708,Acajutla,SV,2020-02-22 17:28:57,13.59,-89.83,86.0,37,0,11.41
709,Moron,AR,2020-02-22 17:28:57,-34.65,-58.62,77.0,46,0,5.82
710,Yambio,SS,2020-02-22 17:28:57,4.57,28.4,85.01,31,35,5.57
711,Florida,US,2020-02-22 17:28:26,28.75,-82.5,64.99,54,1,9.17
712,Tondano,ID,2020-02-22 17:28:58,1.3,124.91,77.0,94,40,1.12
713,Nakusp,CA,2020-02-22 17:28:00,50.25,-117.8,30.0,96,100,5.26
714,Dolores,AR,2020-02-22 17:28:58,-36.31,-57.68,72.32,42,0,5.28
715,Laguna,US,2020-02-22 17:28:41,38.42,-121.42,62.6,54,1,5.82
716,Aripuana,BR,2020-02-22 17:28:59,-9.17,-60.63,75.42,97,100,1.66
717,Seymchan,RU,2020-02-22 17:28:59,62.88,152.43,-27.36,93,49,1.14
718,Khao Wong,TH,2020-02-22 17:28:59,16.7,104.09,69.01,69,8,14.07
719,Mbengwi,CM,2020-02-22 17:28:59,6.02,10.0,77.74,27,100,2.53
720,Schladming,AT,2020-02-22 17:28:59,47.39,13.69,46.99,70,77,3.89
721,Palestina,PS,2020-02-22 17:29:00,31.92,35.2,57.2,82,28,3.36
722,Tobermory,CA,2020-02-22 17:27:47,45.25,-81.67,36.0,75,99,4.0
723,Iskar,BG,2020-02-22 17:29:00,43.45,24.27,46.4,61,75,4.7
724,Manavalakurichi,IN,2020-02-22 17:29:00,8.13,77.3,84.2,74,40,4.7
725,Richards Bay,ZA,2020-02-22 17:29:00,-28.78,32.04,78.19,88,100,22.55
726,Dabat,ET,2020-02-22 17:29:00,12.98,37.77,68.45,27,55,13.65
727,Nsanje,MW,2020-02-22 17:29:01,-16.92,35.26,78.15,84,65,4.85
728,Cooma,AU,2020-02-22 17:29:01,-36.23,149.13,53.6,100,64,13.87
729,Zemio,CF,2020-02-22 17:29:01,5.03,25.14,83.34,23,69,4.52
730,Itatskiy,RU,2020-02-22 17:29:01,56.07,89.04,15.57,96,92,4.0
731,Insar,RU,2020-02-22 17:29:01,53.87,44.37,29.14,92,96,11.32
732,Prince George,CA,2020-02-22 17:27:29,53.92,-122.75,26.6,58,1,8.05
733,Kure,JP,2020-02-22 17:29:02,34.23,132.57,48.2,45,20,6.93
734,Visnes,NO,2020-02-22 17:29:02,59.36,5.22,43.0,75,75,34.45
735,Musoma,TZ,2020-02-22 17:26:17,-1.5,33.8,78.8,69,20,3.0
736,Beihai,CN,2020-02-22 17:29:02,21.48,109.1,68.67,78,0,2.3
737,Ballina,AU,2020-02-22 17:29:03,-28.87,153.57,73.4,78,94,8.05
738,Mangrol,IN,2020-02-22 17:29:03,21.12,70.12,78.35,48,0,17.94
739,Prado,BR,2020-02-22 17:29:03,-17.34,-39.22,81.88,84,55,16.02
740,Mehamn,NO,2020-02-22 17:29:03,71.04,27.85,30.25,80,51,20.96
741,Yairipok,IN,2020-02-22 17:29:03,24.67,94.07,55.47,68,29,1.39
742,Darien,US,2020-02-22 17:28:37,41.75,-87.97,44.01,41,1,16.11
743,Hanna,CA,2020-02-22 17:29:04,51.63,-111.9,39.99,54,100,5.99
744,Phek,IN,2020-02-22 17:29:04,25.67,94.5,51.91,83,34,0.89
745,Port Lincoln,AU,2020-02-22 17:29:04,-34.73,135.87,64.4,78,3,9.08
746,Viedma,AR,2020-02-22 17:29:04,-40.81,-63.0,81.37,14,0,10.98
747,Tshikapa,CD,2020-02-22 17:29:05,-6.42,20.8,77.77,83,100,0.38
748,Kajaani,FI,2020-02-22 17:29:05,64.17,27.67,33.8,96,90,12.75
749,Walvis Bay,NA,2020-02-22 17:29:05,-22.96,14.51,75.2,57,11,12.75
750,Slave Lake,CA,2020-02-22 17:29:05,55.28,-114.77,35.6,51,40,20.8
751,Berezivka,UA,2020-02-22 17:29:05,47.2,30.91,37.9,60,0,2.53
752,Ola,RU,2020-02-22 17:29:05,59.58,151.28,-6.39,95,100,2.53
753,Sonoita,MX,2020-02-22 17:29:06,31.85,-112.83,61.0,92,100,5.01
754,Kuito,AO,2020-02-22 17:26:27,-12.38,16.93,64.69,92,100,3.09
755,Tumalaytay,PH,2020-02-22 17:29:06,12.28,123.23,77.61,80,1,17.94
756,Akdepe,TM,2020-02-22 17:26:06,42.06,59.38,44.6,81,90,6.93
757,Indramayu,ID,2020-02-22 17:29:06,-6.33,108.32,80.15,83,100,8.61
758,Aswan,EG,2020-02-22 17:29:07,24.09,32.91,71.6,28,0,14.99
759,Pedasi,PA,2020-02-22 17:29:07,7.53,-80.03,81.61,72,97,19.48
760,Kahramanmaras,TR,2020-02-22 17:29:07,38.0,37.0,48.2,87,75,8.05
761,Seoul,KR,2020-02-22 17:27:15,37.57,126.98,32.0,79,1,2.24
762,Kuytun,RU,2020-02-22 17:29:08,54.34,101.5,13.93,95,100,5.35
763,Pewaukee,US,2020-02-22 17:24:53,43.08,-88.26,41.0,64,1,5.82
764,Tokur,RU,2020-02-22 17:29:08,53.13,132.9,-11.69,99,82,1.21
765,Tanout,NE,2020-02-22 17:29:08,14.97,8.89,77.49,10,32,13.31
766,Chicama,PE,2020-02-22 17:25:32,-7.84,-79.15,75.2,83,90,9.17
767,Ariquemes,BR,2020-02-22 17:29:08,-9.91,-63.04,78.39,85,100,4.85
768,Calawag,PH,2020-02-22 17:29:09,10.67,119.57,74.55,80,51,8.63
769,Cabra,ES,2020-02-22 17:29:09,37.47,-4.44,71.6,33,7,2.24
770,Vestmanna,FO,2020-02-22 17:29:09,62.16,-7.17,37.4,64,88,8.05
771,Lata,PT,2020-02-22 17:29:09,40.16,-8.33,69.01,63,16,10.29
772,Tarbes,FR,2020-02-22 17:29:09,43.25,0.17,59.0,58,72,6.93
773,Labuan,MY,2020-02-22 17:29:10,5.28,115.24,78.8,88,75,8.05
774,Aquiraz,BR,2020-02-22 17:29:10,-3.9,-38.39,80.6,78,40,3.36
775,Borba,BR,2020-02-22 17:29:10,-4.39,-59.59,80.46,88,98,2.55
776,Raymondville,US,2020-02-22 17:29:10,26.48,-97.78,66.0,58,90,6.93
777,Rapid Valley,US,2020-02-22 17:29:10,44.06,-103.15,55.99,27,1,6.93
778,Madimba,TZ,2020-02-22 17:29:11,-10.4,40.33,80.6,88,75,5.82
779,Tilichiki,RU,2020-02-22 17:29:11,60.47,166.1,-16.87,94,0,1.99
780,Daru,PG,2020-02-22 17:29:11,-9.08,143.21,76.75,90,99,6.26
781,Mioveni,RO,2020-02-22 17:29:11,44.96,24.94,38.55,68,86,2.33
782,Storslett,NO,2020-02-22 17:29:11,69.77,21.02,35.74,63,83,21.25
783,Pandan,PH,2020-02-22 17:29:12,14.05,124.17,77.88,81,15,19.42
784,Helong,CN,2020-02-22 17:29:12,42.54,129.0,10.17,86,22,7.52
785,Honningsvag,NO,2020-02-22 17:29:12,70.98,25.97,37.9,69,59,31.38
786,Xuzhou,CN,2020-02-22 17:29:12,34.18,117.16,40.53,44,0,5.41
787,Juneau,US,2020-02-22 17:25:15,58.3,-134.42,34.0,86,75,4.7
788,Harper,LR,2020-02-22 17:25:17,4.38,-7.72,83.84,77,86,5.84
789,Blagoyevo,RU,2020-02-22 17:29:13,63.37,47.92,32.59,89,99,15.59
790,Lorca,ES,2020-02-22 17:29:13,37.67,-1.7,66.2,55,1,5.82
791,Akniste,LV,2020-02-22 17:29:13,56.16,25.75,37.76,91,100,22.37
792,Santa Catarina De Tepehuanes,MX,2020-02-22 17:29:13,25.35,-105.73,69.21,23,100,12.01
793,Tarnos,FR,2020-02-22 17:29:13,43.54,-1.46,57.2,82,65,3.36
794,Ziarat,PK,2020-02-22 17:29:14,30.38,67.73,43.07,60,12,1.48
795,Pangkalanbuun,ID,2020-02-22 17:29:14,-2.68,111.62,73.96,97,47,1.88
796,Northam,GB,2020-02-22 17:29:14,51.03,-4.22,51.01,81,40,13.87
797,Manakara,MG,2020-02-22 17:29:15,-22.13,48.02,74.84,92,100,4.45
798,Honiara,SB,2020-02-22 17:29:15,-9.43,159.95,77.0,94,20,3.06
799,Vilhena,BR,2020-02-22 17:29:15,-12.74,-60.15,69.66,84,100,6.15
800,Pirgos,GR,2020-02-22 17:29:15,35.12,25.72,53.6,58,40,14.99
801,Quelimane,MZ,2020-02-22 17:29:15,-17.88,36.89,86.0,70,20,6.93
802,Barabai,ID,2020-02-22 17:29:16,-2.58,115.38,76.15,83,100,2.17
803,Yatou,CN,2020-02-22 17:29:16,37.15,122.38,34.12,50,0,6.71
